{"mean":{"confidence_interval":{"confidence_level":0.95,"lower_bound":814707735.65,"upper_bound":837117996.75},"point_estimate":825101996.0,"standard_error":5736894.760546572},"median":{"confidence_interval":{"confidence_level":0.95,"lower_bound":799183958.75,"upper_bound":821868500.0},"point_estimate":808159050.0,"standard_error":6107759.045053498},"median_abs_dev":{"confidence_interval":{"confidence_level":0.95,"lower_bound":27178726.197481155,"upper_bound":51214118.06076765},"point_estimate":40458300.03172159,"standard_error":6555884.2259806115},"slope":null,"std_dev":{"confidence_interval":{"confidence_level":0.95,"lower_bound":37947096.358678944,"upper_bound":78986885.91674352},"point_estimate":57659809.04498926,"standard_error":11141188.685683442}}